<?xml version="1.0" encoding="UTF-8"?>
<project-private xmlns="http://www.netbeans.org/ns/project-private/1">
    <editor-bookmarks xmlns="http://www.netbeans.org/ns/editor-bookmarks/2" lastBookmarkId="0"/>
    <open-files xmlns="http://www.netbeans.org/ns/projectui-open-files/2">
        <group>
            <file>file:/C:/Users/Hoang%20Hiep/Documents/NetBeansProjects/Q3_PE/src/java/model/Thread.java</file>
            <file>file:/C:/Users/Hoang%20Hiep/Documents/NetBeansProjects/Q3_PE/src/java/dal/CommentDAO.java</file>
            <file>file:/C:/Users/Hoang%20Hiep/Documents/NetBeansProjects/Q3_PE/web/discuss.jsp</file>
            <file>file:/C:/Users/Hoang%20Hiep/Documents/NetBeansProjects/Q3_PE/src/java/dal/AccountDAO.java</file>
            <file>file:/C:/Users/Hoang%20Hiep/Documents/NetBeansProjects/Q3_PE/src/java/dal/DBContext.java</file>
            <file>file:/C:/Users/Hoang%20Hiep/Documents/NetBeansProjects/Q3_PE/src/java/controller/comment.java</file>
            <file>file:/C:/Users/Hoang%20Hiep/Documents/NetBeansProjects/Q3_PE/src/java/controller/discuss.java</file>
            <file>file:/C:/Users/Hoang%20Hiep/Documents/NetBeansProjects/Q3_PE/src/java/controller/login.java</file>
            <file>file:/C:/Users/Hoang%20Hiep/Documents/NetBeansProjects/Q3_PE/src/java/model/Comment.java</file>
            <file>file:/C:/Users/Hoang%20Hiep/Documents/NetBeansProjects/Q3_PE/src/java/dal/ThreadDAO.java</file>
        </group>
    </open-files>
</project-private>
